<?xml version="1.0" encoding="UTF-8"?>
<addon id="service.subtitles.opensubtitles" version="5.0.15a" name="OpenSubtitles.org" provider-name="amet, EPiC, XvBMC">
	<requires>
		<import addon="xbmc.python" version="2.1.0"/>
	</requires>
	<extension point="xbmc.subtitle.module" library="service.py"/>
	<extension point="xbmc.addon.metadata">
		<summary lang="en">OpenSubtitles</summary>
		<summary lang="nl">OpenSubtitles</summary>
		<description lang="en">Search and download subtitles from opensubtitles.org</description>
		<description lang="nl">Zoek en Download ondertiteling van opensubtitles.org</description>
		<disclaimer lang="en">http://forum.xbmc.org/showthread.php?tid=183114</disclaimer>
		<disclaimer lang="nl">credits to: Zeljko Ametovic</disclaimer>
		<platform>all</platform>
		<license>GNU GENERAL PUBLIC LICENSE. Version 2, June 1991</license>
		<forum>http://forum.xbmc.org/showthread.php?tid=183114</forum>
		<website>http://forum.xbmc.org/showthread.php?tid=183114</website>
		<source>https://github.com/amet/service.subtitles.opensubtitles</source>    
	</extension>
</addon>