<?xml version="1.0" encoding="UTF-8" standalone="yes"?>
<addon id="script.dokionderhoud"
       name="[COLOR lime]D[/COLOR]OKI Onderhoud"
       version="0.0.4"
       provider-name="DOKI Onderhoud">
  <requires>
    <import addon="xbmc.python" version="2.1.0"/>
	<import addon="plugin.video.youtube" />
    <import addon="script.module.addon.common" />
    <import addon="script.module.metahandler" />
  </requires>
  <extension point="xbmc.python.pluginsource" library="default.py">
        <provides>executable</provides>
  </extension>
  <extension point="xbmc.addon.metadata">
    <platform>all</platform>
    <summary></summary>
    <description></description>
    <language></language>
    <license></license>
    <source></source>
    <forum></forum>
    <website>www.DOKITV.nl</website>
  </extension>
</addon>
