<?xml version="1.0"?>
<channels>
  <channel>
    <name>Canal+ France (HD) </name>
    <url>http://www.streamlive.to/view/71831</url>
    <image>http://snapshots.streamlive.to/snapshots/2h69qbxce4fsff3_snapshot.jpg</image>
    <category>Live Sport</category>
    <language>French</language>
    <views>199276.5</views>
  </channel>
  <channel>
    <name>Euro Sport 2 (HD) </name>
    <url>http://www.streamlive.to/view/68724</url>
    <image>http://snapshots.streamlive.to/snapshots/k3e344bj4qtke57_snapshot.jpg</image>
    <category>Live Sport</category>
    <language>English</language>
    <views>759091.0</views>
  </channel>
  <channel>
    <name>Canal+ Sport France (HD) </name>
    <url>http://www.streamlive.to/view/70467</url>
    <image>http://snapshots.streamlive.to/snapshots/w9eddd62l9b1uxc_snapshot.jpg</image>
    <category>Live Sport</category>
    <language>French</language>
    <views>537347.0</views>
  </channel>
  <channel>
    <name>Sport 1 USA (HD) </name>
    <url>http://www.streamlive.to/view/72138</url>
    <image>http://snapshots.streamlive.to/snapshots/2jry03vosgtzji9_snapshot.jpg</image>
    <category>Live Sport</category>
    <language>English</language>
    <views>419762.5</views>
  </channel>
  <channel>
    <name>Sky Sport 5 (HD) </name>
    <url>http://www.streamlive.to/view/68716</url>
    <image>http://snapshots.streamlive.to/snapshots/2qjxgeic3x5rkdu_snapshot.jpg</image>
    <category>Live Sport</category>
    <language>English</language>
    <views>1119736.5</views>
  </channel>
  <channel>
    <name>Bein Sport France 3 (HD) </name>
    <url>http://www.streamlive.to/view/70729</url>
    <image>http://snapshots.streamlive.to/snapshots/6frb74s5j99g6su_snapshot.jpg</image>
    <category>Live Sport</category>
    <language>French</language>
    <views>316938.0</views>
  </channel>
  <channel>
    <name>Sky Sport 4 (HD) </name>
    <url>http://www.streamlive.to/view/68715</url>
    <image>http://snapshots.streamlive.to/snapshots/21ajqprn56aebp3_snapshot.jpg</image>
    <category>Live Sport</category>
    <language>English</language>
    <views>1004231.5</views>
  </channel>
  <channel>
    <name>Bein Sport France 2 (HD) </name>
    <url>http://www.streamlive.to/view/70466</url>
    <image>http://snapshots.streamlive.to/snapshots/06927pgwezut1fd_snapshot.jpg</image>
    <category>Live Sport</category>
    <language>French</language>
    <views>512180.5</views>
  </channel>
  <channel>
    <name>ESPN (HD) </name>
    <url>http://www.streamlive.to/view/48051</url>
    <image>http://snapshots.streamlive.to/snapshots/xoaaohmeuajfeyf_snapshot.jpg</image>
    <category>Live Sport</category>
    <language>English</language>
    <views>2328939.5</views>
  </channel>
  <channel>
    <name>Box Nation (HD) </name>
    <url>http://www.streamlive.to/view/68719</url>
    <image>http://snapshots.streamlive.to/snapshots/5cnmiwezbpmbe3k_snapshot.jpg</image>
    <category>Live Sport</category>
    <language>English</language>
    <views>906074.0</views>
  </channel>
  <channel>
    <name>Setenta Sport (HD) </name>
    <url>http://www.streamlive.to/view/70189</url>
    <image>http://snapshots.streamlive.to/snapshots/6kyreuuugcp4jno_snapshot.jpg</image>
    <category>Live Sport</category>
    <language>English</language>
    <views>930799.0</views>
  </channel>
  <channel>
    <name>BT Sport 2 (HD) </name>
    <url>http://www.streamlive.to/view/68721</url>
    <image>http://snapshots.streamlive.to/snapshots/z3ua1ed00znttfp_snapshot.jpg</image>
    <category>Live Sport</category>
    <language>English</language>
    <views>555785.5</views>
  </channel>
  <channel>
    <name>NBC Sport Networks (HD) </name>
    <url>http://www.streamlive.to/view/64232</url>
    <image>http://snapshots.streamlive.to/snapshots/0fm1lstybe4a0j4_snapshot.jpg</image>
    <category>Live Sport</category>
    <language>English</language>
    <views>1333390.5</views>
  </channel>
  <channel>
    <name>Sky Sport 2 (HD) </name>
    <url>http://www.streamlive.to/view/68424</url>
    <image>http://snapshots.streamlive.to/snapshots/on39ol6in4f2ewp_snapshot.jpg</image>
    <category>Live Sport</category>
    <language>English</language>
    <views>2108682.5</views>
  </channel>
  <channel>
    <name>ESPN UK (HD) </name>
    <url>http://www.streamlive.to/view/70190</url>
    <image>http://snapshots.streamlive.to/snapshots/v95pwzd4011ev3g_snapshot.jpg</image>
    <category>Live Sport</category>
    <language>English</language>
    <views>464952.5</views>
  </channel>
  <channel>
    <name>Fox Sport 1 (HD) </name>
    <url>http://www.streamlive.to/view/73260</url>
    <image>http://snapshots.streamlive.to/snapshots/meretvdy5sg3m5m_snapshot.jpg</image>
    <category>Live Sport</category>
    <language>English</language>
    <views>393447.5</views>
  </channel>
  <channel>
    <name>ESPN 2 (HD) </name>
    <url>http://www.streamlive.to/view/57977</url>
    <image>http://snapshots.streamlive.to/snapshots/rgyus7ao2ullmbt_snapshot.jpg</image>
    <category>Live Sport</category>
    <language>English</language>
    <views>131561.5</views>
  </channel>
  <channel>
    <name>Sky Sport 3 (HD) </name>
    <url>http://www.streamlive.to/view/68714</url>
    <image>http://snapshots.streamlive.to/snapshots/pdqdnbyfwtzknat_snapshot.jpg</image>
    <category>Live Sport</category>
    <language>English</language>
    <views>1082178.5</views>
  </channel>
  <channel>
    <name>Bein Sport France 1 (HD) </name>
    <url>http://www.streamlive.to/view/69690</url>
    <image>http://snapshots.streamlive.to/snapshots/xwe5kvju00vwvjv_snapshot.jpg</image>
    <category>Live Sport</category>
    <language>French</language>
    <views>649489.0</views>
  </channel>
  <channel>
    <name>Sky Sport F1 (HD) </name>
    <url>http://www.streamlive.to/view/68718</url>
    <image>http://snapshots.streamlive.to/snapshots/udhfbfg0vfzjcds_snapshot.jpg</image>
    <category>Live Sport</category>
    <language>English</language>
    <views>840017.0</views>
  </channel>
  <channel>
    <name>Sky Sport 1 (HD) </name>
    <url>http://www.streamlive.to/view/68713</url>
    <image>http://snapshots.streamlive.to/snapshots/9ddlpiijjci12o9_snapshot.jpg</image>
    <category>Live Sport</category>
    <language>English</language>
    <views>6096332.0</views>
  </channel>
  <channel>
    <name>24x7 WWE Network Live Stream [HQ] ENJOY!</name>
    <url>http://www.streamlive.to/view/73462</url>
    <image>http://snapshots.streamlive.to/snapshots/mshyukhqizezf2n_snapshot.jpg</image>
    <category>Live Sport</category>
    <language>English</language>
    <views>15405.5</views>
  </channel>
  <channel>
    <name>Euro Sport 1 (HD) </name>
    <url>http://www.streamlive.to/view/68723</url>
    <image>http://snapshots.streamlive.to/snapshots/futkxfuqj6tp9j9_snapshot.jpg</image>
    <category>Live Sport</category>
    <language>English</language>
    <views>1083389.0</views>
  </channel>
  <channel>
    <name>NFL Network(HD) </name>
    <url>http://www.streamlive.to/view/68875</url>
    <image>http://snapshots.streamlive.to/snapshots/zvwjh9ctt0vdlbe_snapshot.jpg</image>
    <category>Live Sport</category>
    <language>English</language>
    <views>1993967.0</views>
  </channel>
  <channel>
    <name>Golf channel (HD) </name>
    <url>http://www.streamlive.to/view/53912</url>
    <image>http://snapshots.streamlive.to/snapshots/ts6w24dx29tcwi4_snapshot.jpg</image>
    <category>Live Sport</category>
    <language>English</language>
    <views>95004.5</views>
  </channel>
  <channel>
    <name>The Big Bang Theory -32U </name>
    <url>http://www.streamlive.to/view/69536</url>
    <image>http://snapshots.streamlive.to/snapshots/oi30kueyhpnue7t_snapshot.jpg</image>
    <category>Entertainment</category>
    <language>English</language>
    <views>447522.0</views>
  </channel>
  <channel>
    <name>That's 70 show </name>
    <url>http://www.streamlive.to/view/38217</url>
    <image>http://snapshots.streamlive.to/snapshots/t7ha4ghb4ilwaoo_snapshot.jpg</image>
    <category>Entertainment</category>
    <language>English</language>
    <views>328706.0</views>
  </channel>
  <channel>
    <name>Showtime (HD) </name>
    <url>http://www.streamlive.to/view/44126</url>
    <image>http://snapshots.streamlive.to/snapshots/bwbop58ixz281wv_snapshot.jpg</image>
    <category>Entertainment</category>
    <language>English</language>
    <views>72333.5</views>
  </channel>
  <channel>
    <name>Uptown Comedy Corner Premier Urban Comedy from Atlanta, Ga.</name>
    <url>http://www.streamlive.to/view/71072</url>
    <image>http://snapshots.streamlive.to/snapshots/qmqwrgez1sq6cme_snapshot.jpg</image>
    <category>Entertainment</category>
    <language>English</language>
    <views>86002.0</views>
  </channel>
  <channel>
    <name>American Dad -32U </name>
    <url>http://www.streamlive.to/view/69426</url>
    <image>http://snapshots.streamlive.to/snapshots/sq3u8imvr5jvegb_snapshot.jpg</image>
    <category>Entertainment</category>
    <language>English</language>
    <views>297756.5</views>
  </channel>
  <channel>
    <name>TVLand watch TV Land live streaming online</name>
    <url>http://www.streamlive.to/view/49252</url>
    <image>http://snapshots.streamlive.to/snapshots/7yxirr4046nk5ca_snapshot.jpg</image>
    <category>Entertainment</category>
    <language>English</language>
    <views>190107.0</views>
  </channel>
  <channel>
    <name>ABC </name>
    <url>http://www.streamlive.to/view/68969</url>
    <image>http://snapshots.streamlive.to/snapshots/371jluirljcsjen_snapshot.jpg</image>
    <category>Entertainment</category>
    <language>English</language>
    <views>7035884.5</views>
  </channel>
  <channel>
    <name>Sky Scifi-Horror (HD) </name>
    <url>http://www.streamlive.to/view/71731</url>
    <image>http://snapshots.streamlive.to/snapshots/wk4658qcki1imla_snapshot.jpg</image>
    <category>Entertainment</category>
    <language>English</language>
    <views>430174.5</views>
  </channel>
  <channel>
    <name>AMC </name>
    <url>http://www.streamlive.to/view/68963</url>
    <image>http://snapshots.streamlive.to/snapshots/7pctmre0zfwsc24_snapshot.jpg</image>
    <category>Entertainment</category>
    <language>English</language>
    <views>5471895.0</views>
  </channel>
  <channel>
    <name>Syfy (HD) </name>
    <url>http://www.streamlive.to/view/46454</url>
    <image>http://snapshots.streamlive.to/snapshots/x7uii7mll2b7lh4_snapshot.jpg</image>
    <category>Entertainment</category>
    <language>English</language>
    <views>186000.5</views>
  </channel>
  <channel>
    <name>South Park </name>
    <url>http://www.streamlive.to/view/40155</url>
    <image>http://snapshots.streamlive.to/snapshots/p519222iwkn2t2x_snapshot.jpg</image>
    <category>Entertainment</category>
    <language>English</language>
    <views>86191.5</views>
  </channel>
  <channel>
    <name>Spike TV (HD) </name>
    <url>http://www.streamlive.to/view/52479</url>
    <image>http://snapshots.streamlive.to/snapshots/sax2mq2alpirnww_snapshot.jpg</image>
    <category>Entertainment</category>
    <language>English</language>
    <views>1631511.5</views>
  </channel>
  <channel>
    <name>Sky Drama (HD) </name>
    <url>http://www.streamlive.to/view/71667</url>
    <image>http://snapshots.streamlive.to/snapshots/dcetajgyieuricy_snapshot.jpg</image>
    <category>Entertainment</category>
    <language>English</language>
    <views>176909.0</views>
  </channel>
  <channel>
    <name>TF1 (HD) </name>
    <url>http://www.streamlive.to/view/70468</url>
    <image>http://snapshots.streamlive.to/snapshots/espx8gzpfi4l0sk_snapshot.jpg</image>
    <category>Entertainment</category>
    <language>French</language>
    <views>263082.5</views>
  </channel>
  <channel>
    <name>ABC (HD) </name>
    <url>http://www.streamlive.to/view/46476</url>
    <image>http://snapshots.streamlive.to/snapshots/nz7l9vc5nv1og7b_snapshot.jpg</image>
    <category>Entertainment</category>
    <language>English</language>
    <views>442684.5</views>
  </channel>
  <channel>
    <name>NBC (HD) </name>
    <url>http://www.streamlive.to/view/57956</url>
    <image>http://snapshots.streamlive.to/snapshots/kjgkefh6la1di6g_snapshot.jpg</image>
    <category>Entertainment</category>
    <language>English</language>
    <views>409889.5</views>
  </channel>
  <channel>
    <name>Sky Atlantic (HD) </name>
    <url>http://www.streamlive.to/view/72136</url>
    <image>http://snapshots.streamlive.to/snapshots/dyt9hwb1y9arl10_snapshot.jpg</image>
    <category>Entertainment</category>
    <language>English</language>
    <views>383421.0</views>
  </channel>
  <channel>
    <name>Canal+ Cinema France (HD) </name>
    <url>http://www.streamlive.to/view/70731</url>
    <image>http://snapshots.streamlive.to/snapshots/wk6o7bpcsveb0ne_snapshot.jpg</image>
    <category>Entertainment</category>
    <language>French</language>
    <views>228574.0</views>
  </channel>
  <channel>
    <name>Bravo </name>
    <url>http://www.streamlive.to/view/52480</url>
    <image>http://snapshots.streamlive.to/snapshots/uw433ikqnrj501l_snapshot.jpg</image>
    <category>Entertainment</category>
    <language>English</language>
    <views>330129.0</views>
  </channel>
  <channel>
    <name>Family Guy -32U </name>
    <url>http://www.streamlive.to/view/69425</url>
    <image>http://snapshots.streamlive.to/snapshots/fevxhivi00i42gh_snapshot.jpg</image>
    <category>Entertainment</category>
    <language>English</language>
    <views>821102.0</views>
  </channel>
  <channel>
    <name>The Office (Show) </name>
    <url>http://www.streamlive.to/view/40750</url>
    <image>http://snapshots.streamlive.to/snapshots/mizolqp0th5uobk_snapshot.jpg</image>
    <category>Entertainment</category>
    <language>English</language>
    <views>201567.0</views>
  </channel>
  <channel>
    <name>Two And A Half Men -32U </name>
    <url>http://www.streamlive.to/view/72622</url>
    <image>http://snapshots.streamlive.to/snapshots/a3hrv3l3bj3lwyp_snapshot.jpg</image>
    <category>Entertainment</category>
    <language>English</language>
    <views>170085.5</views>
  </channel>
  <channel>
    <name>BET (HD) </name>
    <url>http://www.streamlive.to/view/50652</url>
    <image>http://snapshots.streamlive.to/snapshots/kexkxje3nqi6dtl_snapshot.jpg</image>
    <category>Entertainment</category>
    <language>English</language>
    <views>1194006.0</views>
  </channel>
  <channel>
    <name>CBS </name>
    <url>http://www.streamlive.to/view/69956</url>
    <image>http://snapshots.streamlive.to/snapshots/dt0qvk6nmdhk8u6_snapshot.jpg</image>
    <category>Entertainment</category>
    <language>English</language>
    <views>4689115.0</views>
  </channel>
  <channel>
    <name>Syfy France (HD) </name>
    <url>http://www.streamlive.to/view/70730</url>
    <image>http://snapshots.streamlive.to/snapshots/yz6cc3lew1kid3j_snapshot.jpg</image>
    <category>Entertainment</category>
    <language>French</language>
    <views>194909.5</views>
  </channel>
  <channel>
    <name>StarZ (HD) </name>
    <url>http://www.streamlive.to/view/73259</url>
    <image>http://snapshots.streamlive.to/snapshots/4jxbs85h6rakcny_snapshot.jpg</image>
    <category>Entertainment</category>
    <language>English</language>
    <views>274025.5</views>
  </channel>
  <channel>
    <name>Spartacus: Gods of The Arena </name>
    <url>http://www.streamlive.to/view/72694</url>
    <image>http://snapshots.streamlive.to/snapshots/5nf232pb7z1xybn_snapshot.jpg</image>
    <category>Entertainment</category>
    <language>English</language>
    <views>107550.0</views>
  </channel>
  <channel>
    <name>USA Network (HD) </name>
    <url>http://www.streamlive.to/view/38768</url>
    <image>http://snapshots.streamlive.to/snapshots/h5eovaj1jeegluq_snapshot.jpg</image>
    <category>Entertainment</category>
    <language>English</language>
    <views>2701653.5</views>
  </channel>
  <channel>
    <name>Friends show </name>
    <url>http://www.streamlive.to/view/36673</url>
    <image>http://snapshots.streamlive.to/snapshots/wg2fmaake2sfjbr_snapshot.jpg</image>
    <category>Entertainment</category>
    <language>English</language>
    <views>655463.5</views>
  </channel>
  <channel>
    <name>Hallmark (HD) </name>
    <url>http://www.streamlive.to/view/53856</url>
    <image>http://snapshots.streamlive.to/snapshots/v4ynnryunsoxzbq_snapshot.jpg</image>
    <category>Entertainment</category>
    <language>English</language>
    <views>380026.0</views>
  </channel>
  <channel>
    <name>Spartacus: Vengeance Complete season 2</name>
    <url>http://www.streamlive.to/view/72696</url>
    <image>http://snapshots.streamlive.to/snapshots/xk3kec7maanlnfa_snapshot.jpg</image>
    <category>Entertainment</category>
    <language>English</language>
    <views>107606.5</views>
  </channel>
  <channel>
    <name>Fox Network </name>
    <url>http://www.streamlive.to/view/70048</url>
    <image>http://snapshots.streamlive.to/snapshots/q49uyvij145wcky_snapshot.jpg</image>
    <category>Entertainment</category>
    <language>English</language>
    <views>3808611.0</views>
  </channel>
  <channel>
    <name>NBC </name>
    <url>http://www.streamlive.to/view/69116</url>
    <image>http://snapshots.streamlive.to/snapshots/s5whw37nl7weedp_snapshot.jpg</image>
    <category>Entertainment</category>
    <language>English</language>
    <views>4370898.5</views>
  </channel>
  <channel>
    <name>Oxygen </name>
    <url>http://www.streamlive.to/view/38197</url>
    <image>http://snapshots.streamlive.to/snapshots/zmt2swezlswh9nz_snapshot.jpg</image>
    <category>Entertainment</category>
    <language>English</language>
    <views>268698.5</views>
  </channel>
  <channel>
    <name>Comedy Central </name>
    <url>http://www.streamlive.to/view/71610</url>
    <image>http://snapshots.streamlive.to/snapshots/wyw9tfxexu68p0t_snapshot.jpg</image>
    <category>Entertainment</category>
    <language>English</language>
    <views>141106.5</views>
  </channel>
  <channel>
    <name>E! Entertainment (HD) </name>
    <url>http://www.streamlive.to/view/73261</url>
    <image>http://snapshots.streamlive.to/snapshots/b3xqbwnyiyz49lx_snapshot.jpg</image>
    <category>Entertainment</category>
    <language>English</language>
    <views>81711.0</views>
  </channel>
  <channel>
    <name>CW </name>
    <url>http://www.streamlive.to/view/52510</url>
    <image>http://snapshots.streamlive.to/snapshots/fvksu1sp51ijtyd_snapshot.jpg</image>
    <category>Entertainment</category>
    <language>English</language>
    <views>824586.5</views>
  </channel>
  <channel>
    <name>TNT (HD) </name>
    <url>http://www.streamlive.to/view/57973</url>
    <image>http://snapshots.streamlive.to/snapshots/7uz4als3nigi0j3_snapshot.jpg</image>
    <category>Entertainment</category>
    <language>English</language>
    <views>526007.5</views>
  </channel>
  <channel>
    <name>A&E </name>
    <url>http://www.streamlive.to/view/68952</url>
    <image>http://snapshots.streamlive.to/snapshots/tuc280rbycwnsvs_snapshot.jpg</image>
    <category>Entertainment</category>
    <language>English</language>
    <views>2705831.0</views>
  </channel>
  <channel>
    <name>TBS (HD) </name>
    <url>http://www.streamlive.to/view/73510</url>
    <image>http://snapshots.streamlive.to/snapshots/kb8kpldhixv3kh4_snapshot.jpg</image>
    <category>Entertainment</category>
    <language>English</language>
    <views>1231.0</views>
  </channel>
  <channel>
    <name>Sky Showcase (HD) </name>
    <url>http://www.streamlive.to/view/71881</url>
    <image>http://snapshots.streamlive.to/snapshots/83ivqnkpajokt1r_snapshot.jpg</image>
    <category>Entertainment</category>
    <language>English</language>
    <views>228601.5</views>
  </channel>
  <channel>
    <name>AMC  (HD) </name>
    <url>http://www.streamlive.to/view/46209</url>
    <image>http://snapshots.streamlive.to/snapshots/z4cxm7zlfyqs65m_snapshot.jpg</image>
    <category>Entertainment</category>
    <language>English</language>
    <views>126478.0</views>
  </channel>
  <channel>
    <name>Lifetime (HD) </name>
    <url>http://www.streamlive.to/view/57846</url>
    <image>http://snapshots.streamlive.to/snapshots/7b2gr554gyyth8e_snapshot.jpg</image>
    <category>Entertainment</category>
    <language>English</language>
    <views>513442.0</views>
  </channel>
  <channel>
    <name>TLC </name>
    <url>http://www.streamlive.to/view/69109</url>
    <image>http://snapshots.streamlive.to/snapshots/iugceoy4o6ljhck_snapshot.jpg</image>
    <category>Entertainment</category>
    <language>English</language>
    <views>235153.5</views>
  </channel>
  <channel>
    <name>Sky Family (HD) </name>
    <url>http://www.streamlive.to/view/71666</url>
    <image>http://snapshots.streamlive.to/snapshots/9lbeipbbj3tb2ik_snapshot.jpg</image>
    <category>Entertainment</category>
    <language>English</language>
    <views>194093.5</views>
  </channel>
  <channel>
    <name>Fox Networks(HD) </name>
    <url>http://www.streamlive.to/view/56002</url>
    <image>http://snapshots.streamlive.to/snapshots/yuu6p5oaa1x4a1p_snapshot.jpg</image>
    <category>Entertainment</category>
    <language>English</language>
    <views>276525.5</views>
  </channel>
  <channel>
    <name>CBS (HD) </name>
    <url>http://www.streamlive.to/view/57976</url>
    <image>http://snapshots.streamlive.to/snapshots/vp4q2gonwzh2dku_snapshot.jpg</image>
    <category>Entertainment</category>
    <language>English</language>
    <views>410233.0</views>
  </channel>
  <channel>
    <name>Sky Movie Premier (HD) </name>
    <url>http://www.streamlive.to/view/71577</url>
    <image>http://snapshots.streamlive.to/snapshots/l5e6413vae02nmw_snapshot.jpg</image>
    <category>Entertainment</category>
    <language>English</language>
    <views>251743.5</views>
  </channel>
  <channel>
    <name>Kim Binh Mai tron bo 5 tap Kim Binh Mai</name>
    <url>http://www.streamlive.to/view/38219</url>
    <image>http://snapshots.streamlive.to/snapshots/6jxqdje7ancmghe_snapshot.jpg</image>
    <category>Entertainment</category>
    <language>Chinese</language>
    <views>185964.5</views>
  </channel>
  <channel>
    <name>TruTV (HD) </name>
    <url>http://www.streamlive.to/view/52755</url>
    <image>http://snapshots.streamlive.to/snapshots/uhnr4161ybioa5w_snapshot.jpg</image>
    <category>Entertainment</category>
    <language>English</language>
    <views>892359.0</views>
  </channel>
  <channel>
    <name>HBO (HD) </name>
    <url>http://www.streamlive.to/view/36674</url>
    <image>http://snapshots.streamlive.to/snapshots/z28ie9oqoku4qoy_snapshot.jpg</image>
    <category>Entertainment</category>
    <language>English</language>
    <views>502270.0</views>
  </channel>
  <channel>
    <name>Spartacus: Blood And Sands Complete first season Blood and Sands</name>
    <url>http://www.streamlive.to/view/72690</url>
    <image>http://snapshots.streamlive.to/snapshots/ixk74xh0ksg0o11_snapshot.jpg</image>
    <category>Entertainment</category>
    <language>English</language>
    <views>128170.0</views>
  </channel>
  <channel>
    <name>Naruto </name>
    <url>http://www.streamlive.to/view/37161</url>
    <image>http://snapshots.streamlive.to/snapshots/9ft15bx7kc229en_snapshot.jpg</image>
    <category>Animation</category>
    <language>Japanese</language>
    <views>187397.5</views>
  </channel>
  <channel>
    <name>Detective Conan the movies </name>
    <url>http://www.streamlive.to/view/38223</url>
    <image>http://snapshots.streamlive.to/snapshots/shserslj4yhr7ig_snapshot.jpg</image>
    <category>Animation</category>
    <language>Japanese</language>
    <views>151182.5</views>
  </channel>
  <channel>
    <name>Dragon Ball full episodes</name>
    <url>http://www.streamlive.to/view/37044</url>
    <image>http://snapshots.streamlive.to/snapshots/15jvbu6lxtgwrcq_snapshot.jpg</image>
    <category>Animation</category>
    <language>English</language>
    <views>235335.0</views>
  </channel>
  <channel>
    <name>Dragon Ball GT watch Dragon Ball GT live</name>
    <url>http://www.streamlive.to/view/53105</url>
    <image>http://snapshots.streamlive.to/snapshots/lj2q51wqhd7rpr0_snapshot.jpg</image>
    <category>Animation</category>
    <language>English</language>
    <views>260379.0</views>
  </channel>
  <channel>
    <name>Bleach anime full </name>
    <url>http://www.streamlive.to/view/36820</url>
    <image>http://snapshots.streamlive.to/snapshots/cqq87pn1lkxra4k_snapshot.jpg</image>
    <category>Animation</category>
    <language>Japanese</language>
    <views>164760.5</views>
  </channel>
  <channel>
    <name>Dragon Balll Z </name>
    <url>http://www.streamlive.to/view/40156</url>
    <image>http://snapshots.streamlive.to/snapshots/y9f0p4tvi2hwoxy_snapshot.jpg</image>
    <category>Animation</category>
    <language>English</language>
    <views>455280.5</views>
  </channel>
  <channel>
    <name>Cartoon Network </name>
    <url>http://www.streamlive.to/view/71632</url>
    <image>http://snapshots.streamlive.to/snapshots/9l41fcr1sgmclej_snapshot.jpg</image>
    <category>Animation</category>
    <language>English</language>
    <views>2208982.0</views>
  </channel>
  <channel>
    <name>OWN - Oprah Winfrey Network (HD) </name>
    <url>http://www.streamlive.to/view/53857</url>
    <image>http://snapshots.streamlive.to/snapshots/uehgy5htiasffj3_snapshot.jpg</image>
    <category>General</category>
    <language>English</language>
    <views>1479692.0</views>
  </channel>
  <channel>
    <name>Animal Planet UK (HD) </name>
    <url>http://www.streamlive.to/view/70211</url>
    <image>http://snapshots.streamlive.to/snapshots/falndopgy2kripb_snapshot.jpg</image>
    <category>General</category>
    <language>English</language>
    <views>205295.5</views>
  </channel>
  <channel>
    <name>Discovery (HD) </name>
    <url>http://www.streamlive.to/view/69112</url>
    <image>http://snapshots.streamlive.to/snapshots/ishyd3sopok3p27_snapshot.jpg</image>
    <category>General</category>
    <language>English</language>
    <views>132847.0</views>
  </channel>
  <channel>
    <name>History 2 UK (HD) </name>
    <url>http://www.streamlive.to/view/73421</url>
    <image>http://snapshots.streamlive.to/snapshots/xbjv5qj3rps3tkz_snapshot.jpg</image>
    <category>General</category>
    <language>English</language>
    <views>8285.5</views>
  </channel>
  <channel>
    <name>History (HD) </name>
    <url>http://www.streamlive.to/view/39949</url>
    <image>http://snapshots.streamlive.to/snapshots/dhp0rpd116qyyj6_snapshot.jpg</image>
    <category>General</category>
    <language>English</language>
    <views>1517919.0</views>
  </channel>
  <channel>
    <name>Discovery SHED (HD) </name>
    <url>http://www.streamlive.to/view/73424</url>
    <image>http://snapshots.streamlive.to/snapshots/ufj22zkwvoedsow_snapshot.jpg</image>
    <category>General</category>
    <language>English</language>
    <views>4574.5</views>
  </channel>
  <channel>
    <name>Food Network (HD) </name>
    <url>http://www.streamlive.to/view/52506</url>
    <image>http://snapshots.streamlive.to/snapshots/ibnnu7537h3ax6e_snapshot.jpg</image>
    <category>General</category>
    <language>English</language>
    <views>195141.0</views>
  </channel>
  <channel>
    <name>Science (HD) </name>
    <url>http://www.streamlive.to/view/68871</url>
    <image>http://snapshots.streamlive.to/snapshots/00t250wv1d4ltib_snapshot.jpg</image>
    <category>General</category>
    <language>English</language>
    <views>58284.5</views>
  </channel>
  <channel>
    <name>HGTV (HD) </name>
    <url>http://www.streamlive.to/view/52053</url>
    <image>http://snapshots.streamlive.to/snapshots/gj65q2rg18tpmut_snapshot.jpg</image>
    <category>General</category>
    <language>English</language>
    <views>306296.0</views>
  </channel>
  <channel>
    <name>National Geographic (HD) </name>
    <url>http://www.streamlive.to/view/68872</url>
    <image>http://snapshots.streamlive.to/snapshots/qzsfigd1y3bgbhs_snapshot.jpg</image>
    <category>General</category>
    <language>English</language>
    <views>75789.0</views>
  </channel>
  <channel>
    <name>National Geographic Wild France (HD) </name>
    <url>http://www.streamlive.to/view/70213</url>
    <image>http://snapshots.streamlive.to/snapshots/65oufjbzfin48ho_snapshot.jpg</image>
    <category>General</category>
    <language>French</language>
    <views>282685.0</views>
  </channel>
  <channel>
    <name>Discovery Science France (HD) </name>
    <url>http://www.streamlive.to/view/73440</url>
    <image>http://snapshots.streamlive.to/snapshots/smdxq0zsxxncn1d_snapshot.jpg</image>
    <category>General</category>
    <language>French</language>
    <views>1458.0</views>
  </channel>
  <channel>
    <name>Travel channel (HD) </name>
    <url>http://www.streamlive.to/view/65833</url>
    <image>http://snapshots.streamlive.to/snapshots/4aiufk0o430qt0d_snapshot.jpg</image>
    <category>General</category>
    <language>English</language>
    <views>123823.0</views>
  </channel>
  <channel>
    <name>VH1 </name>
    <url>http://www.streamlive.to/view/52988</url>
    <image>http://snapshots.streamlive.to/snapshots/oeiigxxv1gbeqq9_snapshot.jpg</image>
    <category>General</category>
    <language>English</language>
    <views>1377573.0</views>
  </channel>
  <channel>
    <name>ID - Investigation Discovery (HD) </name>
    <url>http://www.streamlive.to/view/69111</url>
    <image>http://snapshots.streamlive.to/snapshots/yjma618cibkqxeo_snapshot.jpg</image>
    <category>General</category>
    <language>English</language>
    <views>391136.0</views>
  </channel>
  <channel>
    <name>ABC Family - Mttvmario </name>
    <url>http://www.streamlive.to/view/30303</url>
    <image>http://snapshots.streamlive.to/snapshots/vx63a0c7mxk2jt8_snapshot.jpg</image>
    <category>General</category>
    <language>English</language>
    <views>1887208.0</views>
  </channel>
  <channel>
    <name>CNN (HD) </name>
    <url>http://www.streamlive.to/view/46461</url>
    <image>http://snapshots.streamlive.to/snapshots/rjxo8hz17q9waiq_snapshot.jpg</image>
    <category>News</category>
    <language>English</language>
    <views>370414.5</views>
  </channel>
  <channel>
    <name>CNN </name>
    <url>http://www.streamlive.to/view/70785</url>
    <image>http://snapshots.streamlive.to/snapshots/ykerm3p2gcj43qf_snapshot.jpg</image>
    <category>News</category>
    <language>English</language>
    <views>703095.0</views>
  </channel>
  <channel>
    <name>MSNBC </name>
    <url>http://www.streamlive.to/view/52505</url>
    <image>http://snapshots.streamlive.to/snapshots/1341ujtliqndod8_snapshot.jpg</image>
    <category>News</category>
    <language>English</language>
    <views>385195.0</views>
  </channel>
  <channel>
    <name>CNBC </name>
    <url>http://www.streamlive.to/view/71981</url>
    <image>http://snapshots.streamlive.to/snapshots/xssrqbmovted7h6_snapshot.jpg</image>
    <category>News</category>
    <language>English</language>
    <views>132380.0</views>
  </channel>
  <channel>
    <name>Fox News (HD) </name>
    <url>http://www.streamlive.to/view/46465</url>
    <image>http://snapshots.streamlive.to/snapshots/ohn58e97er36vjr_snapshot.jpg</image>
    <category>News</category>
    <language>English</language>
    <views>453382.5</views>
  </channel>
  <channel>
    <name>Korean Music </name>
    <url>http://www.streamlive.to/view/38215</url>
    <image>http://snapshots.streamlive.to/snapshots/q32r221dgpcok07_snapshot.jpg</image>
    <category>Music</category>
    <language>Korean</language>
    <views>140187.5</views>
  </channel>
  <channel>
    <name>MTV Music Television (HD) </name>
    <url>http://www.streamlive.to/view/63376</url>
    <image>http://snapshots.streamlive.to/snapshots/p0audpgrkvu6l1g_snapshot.jpg</image>
    <category>Music</category>
    <language>English</language>
    <views>117330.5</views>
  </channel>
  <channel>
    <name>Nickelodeon [HD] </name>
    <url>http://www.streamlive.to/view/70698</url>
    <image>http://snapshots.streamlive.to/snapshots/841x371mvdoxxty_snapshot.jpg</image>
    <category>Family</category>
    <language>English</language>
    <views>110698.0</views>
  </channel>
  <channel>
    <name>Nickelodeon </name>
    <url>http://www.streamlive.to/view/71112</url>
    <image>http://snapshots.streamlive.to/snapshots/64jaber5pjqj2cr_snapshot.jpg</image>
    <category>Family</category>
    <language>English</language>
    <views>1776925.0</views>
  </channel>
  <channel>
    <name>Disney </name>
    <url>http://www.streamlive.to/view/38804</url>
    <image>http://snapshots.streamlive.to/snapshots/2tag4dzgwof5ma2_snapshot.jpg</image>
    <category>Family</category>
    <language>English</language>
    <views>4575321.0</views>
  </channel>
  <channel>
    <name>Mad Max Fury Road (2015) </name>
    <url>http://www.streamlive.to/view/71648</url>
    <image>http://snapshots.streamlive.to/snapshots/u1bbefoly78b2qr_snapshot.jpg</image>
    <category>Movies</category>
    <language>English</language>
    <views>159455.0</views>
  </channel>
  <channel>
    <name>Safelight (2015) </name>
    <url>http://www.streamlive.to/view/71654</url>
    <image>http://snapshots.streamlive.to/snapshots/bd7xeub3lhg82ut_snapshot.jpg</image>
    <category>Movies</category>
    <language>English</language>
    <views>43973.5</views>
  </channel>
  <channel>
    <name>It follows (2014) </name>
    <url>http://www.streamlive.to/view/72585</url>
    <image>http://snapshots.streamlive.to/snapshots/5gkpc1aceuj6tiw_snapshot.jpg</image>
    <category>Movies</category>
    <language>English</language>
    <views>5187.0</views>
  </channel>
  <channel>
    <name>Gallow Road (2015) </name>
    <url>http://www.streamlive.to/view/71672</url>
    <image>http://snapshots.streamlive.to/snapshots/uwlf17ew492ebrc_snapshot.jpg</image>
    <category>Movies</category>
    <language>English</language>
    <views>40205.0</views>
  </channel>
  <channel>
    <name>Black Beauty (2015) </name>
    <url>http://www.streamlive.to/view/71649</url>
    <image>http://snapshots.streamlive.to/snapshots/h9eb1byhulw7ohh_snapshot.jpg</image>
    <category>Movies</category>
    <language>English</language>
    <views>80906.5</views>
  </channel>
  <channel>
    <name>Entourage (2015) </name>
    <url>http://www.streamlive.to/view/72599</url>
    <image>http://snapshots.streamlive.to/snapshots/k1ask545j0h6xof_snapshot.jpg</image>
    <category>Movies</category>
    <language>English</language>
    <views>7046.0</views>
  </channel>
  <channel>
    <name>The Longest Ride (2015) </name>
    <url>http://www.streamlive.to/view/72598</url>
    <image>http://snapshots.streamlive.to/snapshots/vu3iocfc52p94ua_snapshot.jpg</image>
    <category>Movies</category>
    <language>English</language>
    <views>6523.0</views>
  </channel>
  <channel>
    <name>The Hobbit An Unexpected Journey (2012) </name>
    <url>http://www.streamlive.to/view/72556</url>
    <image>http://snapshots.streamlive.to/snapshots/ds0zo23ropoe6tb_snapshot.jpg</image>
    <category>Movies</category>
    <language>English</language>
    <views>6664.0</views>
  </channel>
  <channel>
    <name>Furious 7 (2015) </name>
    <url>http://www.streamlive.to/view/72504</url>
    <image>http://snapshots.streamlive.to/snapshots/kz8m5uyw3z56thx_snapshot.jpg</image>
    <category>Movies</category>
    <language>English</language>
    <views>32665.5</views>
  </channel>
  <channel>
    <name>What We Do In The Shadows 2014 </name>
    <url>http://www.streamlive.to/view/72588</url>
    <image>http://snapshots.streamlive.to/snapshots/8jrmz1jsnyq77ns_snapshot.jpg</image>
    <category>Movies</category>
    <language>English</language>
    <views>4518.5</views>
  </channel>
  <channel>
    <name>Red Army (2014) </name>
    <url>http://www.streamlive.to/view/72596</url>
    <image>http://snapshots.streamlive.to/snapshots/wb9sll951pdzg1i_snapshot.jpg</image>
    <category>Movies</category>
    <language>English</language>
    <views>6515.0</views>
  </channel>
  <channel>
    <name>The Hobbit The Desolation of Smaug (2013) </name>
    <url>http://www.streamlive.to/view/72557</url>
    <image>http://snapshots.streamlive.to/snapshots/a9iwm0961njp8p5_snapshot.jpg</image>
    <category>Movies</category>
    <language>English</language>
    <views>6374.0</views>
  </channel>
  <channel>
    <name>Terminator Genisys (2015) </name>
    <url>http://www.streamlive.to/view/72549</url>
    <image>http://snapshots.streamlive.to/snapshots/ma86cg9qjyenubb_snapshot.jpg</image>
    <category>Movies</category>
    <language>English</language>
    <views>14600.0</views>
  </channel>
  <channel>
    <name>Paul Blart Mall Cop 2 (2015) </name>
    <url>http://www.streamlive.to/view/71647</url>
    <image>http://snapshots.streamlive.to/snapshots/j9jdgdjtvnmghlo_snapshot.jpg</image>
    <category>Movies</category>
    <language>English</language>
    <views>77363.0</views>
  </channel>
  <channel>
    <name>The Jokesters (2015) </name>
    <url>http://www.streamlive.to/view/71646</url>
    <image>http://snapshots.streamlive.to/snapshots/zcg77gx75hsz5y7_snapshot.jpg</image>
    <category>Movies</category>
    <language>English</language>
    <views>35945.5</views>
  </channel>
  <channel>
    <name>Paddington (2014) </name>
    <url>http://www.streamlive.to/view/72587</url>
    <image>http://snapshots.streamlive.to/snapshots/3fplceunaduthiw_snapshot.jpg</image>
    <category>Movies</category>
    <language>English</language>
    <views>4585.5</views>
  </channel>
  <channel>
    <name>The Good The Bad The Ugly (1966) </name>
    <url>http://www.streamlive.to/view/72589</url>
    <image>http://snapshots.streamlive.to/snapshots/feewtsonj73qeu4_snapshot.jpg</image>
    <category>Movies</category>
    <language>English</language>
    <views>7937.5</views>
  </channel>
  <channel>
    <name>The Girl Is In Trouble (2015) </name>
    <url>http://www.streamlive.to/view/71671</url>
    <image>http://snapshots.streamlive.to/snapshots/eq52bo3zkaweniw_snapshot.jpg</image>
    <category>Movies</category>
    <language>English</language>
    <views>60861.0</views>
  </channel>
  <channel>
    <name>Inception (2010) </name>
    <url>http://www.streamlive.to/view/72581</url>
    <image>http://snapshots.streamlive.to/snapshots/pe1dt3fanftdh0o_snapshot.jpg</image>
    <category>Movies</category>
    <language>English</language>
    <views>5374.0</views>
  </channel>
  <channel>
    <name>Paper Town (2015) </name>
    <url>http://www.streamlive.to/view/72566</url>
    <image>http://snapshots.streamlive.to/snapshots/hrb0ptuds85252s_snapshot.jpg</image>
    <category>Movies</category>
    <language>English</language>
    <views>6277.0</views>
  </channel>
  <channel>
    <name>Forest Gump (1994) </name>
    <url>http://www.streamlive.to/view/72578</url>
    <image>http://snapshots.streamlive.to/snapshots/jq4vu9yopbp2au0_snapshot.jpg</image>
    <category>Movies</category>
    <language>English</language>
    <views>6355.5</views>
  </channel>
  <channel>
    <name>Joe Dirt 2 (2015) </name>
    <url>http://www.streamlive.to/view/71645</url>
    <image>http://snapshots.streamlive.to/snapshots/m3607iui5io25yy_snapshot.jpg</image>
    <category>Movies</category>
    <language>English</language>
    <views>79303.5</views>
  </channel>
  <channel>
    <name>The Hobbit The Battle Of The Five Armies (2014) </name>
    <url>http://www.streamlive.to/view/72565</url>
    <image>http://snapshots.streamlive.to/snapshots/wgfc4tdv02e007x_snapshot.jpg</image>
    <category>Movies</category>
    <language>English</language>
    <views>6823.0</views>
  </channel>
  <channel>
    <name>Jurassic World (2015) </name>
    <url>http://www.streamlive.to/view/72551</url>
    <image>http://snapshots.streamlive.to/snapshots/vr9frdz2i1wnazn_snapshot.jpg</image>
    <category>Movies</category>
    <language>English</language>
    <views>22574.0</views>
  </channel>
  <channel>
    <name>Lila And Eve (2015) </name>
    <url>http://www.streamlive.to/view/71653</url>
    <image>http://snapshots.streamlive.to/snapshots/b99ud2n5hi7sbru_snapshot.jpg</image>
    <category>Movies</category>
    <language>English</language>
    <views>55280.0</views>
  </channel>
  <channel>
    <name>Batman: The Dark Knight (2008) </name>
    <url>http://www.streamlive.to/view/72576</url>
    <image>http://snapshots.streamlive.to/snapshots/8mvmpkr81mwuckv_snapshot.jpg</image>
    <category>Movies</category>
    <language>English</language>
    <views>8437.5</views>
  </channel>
  <channel>
    <name>Black Mask (2015) English Sub </name>
    <url>http://www.streamlive.to/view/72595</url>
    <image>http://snapshots.streamlive.to/snapshots/0t4k4jnxeffgk1l_snapshot.jpg</image>
    <category>Movies</category>
    <language>Chinese</language>
    <views>116747.0</views>
  </channel>
  <channel>
    <name>Mission Impossible Rogue Nation (2015) </name>
    <url>http://www.streamlive.to/view/72586</url>
    <image>http://snapshots.streamlive.to/snapshots/p05ng1l0ijjf5bc_snapshot.jpg</image>
    <category>Movies</category>
    <language>English</language>
    <views>12108.5</views>
  </channel>
  <channel>
    <name>Fight Club (1999) </name>
    <url>http://www.streamlive.to/view/72577</url>
    <image>http://snapshots.streamlive.to/snapshots/14ou2yl2pnw8o61_snapshot.jpg</image>
    <category>Movies</category>
    <language>English</language>
    <views>4792.5</views>
  </channel>
  <channel>
    <name>Inside Out (2015) </name>
    <url>http://www.streamlive.to/view/72579</url>
    <image>http://snapshots.streamlive.to/snapshots/0teklb2l6blguas_snapshot.jpg</image>
    <category>Movies</category>
    <language>English</language>
    <views>8044.5</views>
  </channel>
  <channel>
    <name>The Shawshank Redemption (1994) </name>
    <url>http://www.streamlive.to/view/72580</url>
    <image>http://snapshots.streamlive.to/snapshots/ww7u43ccfi7ks42_snapshot.jpg</image>
    <category>Movies</category>
    <language>English</language>
    <views>5568.5</views>
  </channel>
  <channel>
    <name>Pixels (2015) </name>
    <url>http://www.streamlive.to/view/72597</url>
    <image>http://snapshots.streamlive.to/snapshots/iyw9yz6l26up8di_snapshot.jpg</image>
    <category>Movies</category>
    <language>English</language>
    <views>8069.5</views>
  </channel>
  <channel>
    <name>Bone Tomahawk (2015) </name>
    <url>http://www.streamlive.to/view/72719</url>
    <image>http://snapshots.streamlive.to/snapshots/96inm4jy0lr7xie_snapshot.jpg</image>
    <category>Movies</category>
    <language>English</language>
    <views>29843.0</views>
  </channel>
  <channel>
    <name>Ice Age The Great Egg-Scapade (2016) </name>
    <url>http://www.streamlive.to/view/73515</url>
    <image>http://snapshots.streamlive.to/snapshots/1djgzu6yx7sytgw_snapshot.jpg</image>
    <category>Movies</category>
    <language>English</language>
    <views>16.0</views>
  </channel>
  <channel>
    <name>The Maze Runner (2014) </name>
    <url>http://www.streamlive.to/view/72663</url>
    <image>http://snapshots.streamlive.to/snapshots/4ka1pqp4fc9kuxn_snapshot.jpg</image>
    <category>Movies</category>
    <language>English</language>
    <views>529.0</views>
  </channel>
  <channel>
    <name>Cooties (2014) </name>
    <url>http://www.streamlive.to/view/72657</url>
    <image>http://snapshots.streamlive.to/snapshots/wn9h8wvth1raovk_snapshot.jpg</image>
    <category>Movies</category>
    <language>English</language>
    <views>579.0</views>
  </channel>
  <channel>
    <name>The Hateful Eight (2015) </name>
    <url>http://www.streamlive.to/view/73435</url>
    <image>http://snapshots.streamlive.to/snapshots/2idqcejfnkf7xgd_snapshot.jpg</image>
    <category>Movies</category>
    <language>English</language>
    <views>497.0</views>
  </channel>
  <channel>
    <name>American Ultra (2015) </name>
    <url>http://www.streamlive.to/view/72830</url>
    <image>http://snapshots.streamlive.to/snapshots/gb6586bpdhryni2_snapshot.jpg</image>
    <category>Movies</category>
    <language>English</language>
    <views>1485.5</views>
  </channel>
  <channel>
    <name>Shelter (2015) </name>
    <url>http://www.streamlive.to/view/72662</url>
    <image>http://snapshots.streamlive.to/snapshots/3y9mfkvb9idypna_snapshot.jpg</image>
    <category>Movies</category>
    <language>English</language>
    <views>654.5</views>
  </channel>
  <channel>
    <name>Jackie Chan movies showing Chan's movies from 1978 to 1990</name>
    <url>http://www.streamlive.to/view/36983</url>
    <image>http://snapshots.streamlive.to/snapshots/gby01m6h4xd3lag_snapshot.jpg</image>
    <category>Movies</category>
    <language>English</language>
    <views>587551.0</views>
  </channel>
  <channel>
    <name>Everest (2015) </name>
    <url>http://www.streamlive.to/view/72721</url>
    <image>http://snapshots.streamlive.to/snapshots/1ji7g2d5m7vewbk_snapshot.jpg</image>
    <category>Movies</category>
    <language>English</language>
    <views>38362.5</views>
  </channel>
  <channel>
    <name>London Has Fallen (2016) </name>
    <url>http://www.streamlive.to/view/73517</url>
    <image>http://snapshots.streamlive.to/snapshots/uqoh3r6crvtnghe_snapshot.jpg</image>
    <category>Movies</category>
    <language>English</language>
    <views>38.5</views>
  </channel>
  <channel>
    <name>Get A Job (2016) </name>
    <url>http://www.streamlive.to/view/73514</url>
    <image>http://snapshots.streamlive.to/snapshots/bonp3btzety9vcu_snapshot.jpg</image>
    <category>Movies</category>
    <language>English</language>
    <views>9.0</views>
  </channel>
  <channel>
    <name>Spectre (2015) </name>
    <url>http://www.streamlive.to/view/73433</url>
    <image>http://snapshots.streamlive.to/snapshots/89c4aalqslnu2mm_snapshot.jpg</image>
    <category>Movies</category>
    <language>English</language>
    <views>277.0</views>
  </channel>
  <channel>
    <name>The HD Movie Channel 1 </name>
    <url>http://www.streamlive.to/view/68358</url>
    <image>http://snapshots.streamlive.to/snapshots/asn0crzhq351g0w_snapshot.jpg</image>
    <category>Movies</category>
    <language>English</language>
    <views>1303956.0</views>
  </channel>
  <channel>
    <name>Guardians Of The Galaxy (2014) </name>
    <url>http://www.streamlive.to/view/72658</url>
    <image>http://snapshots.streamlive.to/snapshots/z5wkmszpfiseqwc_snapshot.jpg</image>
    <category>Movies</category>
    <language>English</language>
    <views>834.5</views>
  </channel>
  <channel>
    <name>The HD Movie Channel 2 </name>
    <url>http://www.streamlive.to/view/68359</url>
    <image>http://snapshots.streamlive.to/snapshots/3mu6xhoy4xa8l7w_snapshot.jpg</image>
    <category>Movies</category>
    <language>English</language>
    <views>1154900.0</views>
  </channel>
  <channel>
    <name>Avengers Age Of Ultron </name>
    <url>http://www.streamlive.to/view/72718</url>
    <image>http://snapshots.streamlive.to/snapshots/ds19mmln49mmcr0_snapshot.jpg</image>
    <category>Movies</category>
    <language>English</language>
    <views>119621.5</views>
  </channel>
  <channel>
    <name>The Confirmation (2016) </name>
    <url>http://www.streamlive.to/view/73520</url>
    <image>http://snapshots.streamlive.to/snapshots/7b9e1ahtrzz7qdj_snapshot.jpg</image>
    <category>Movies</category>
    <language>English</language>
    <views>6.0</views>
  </channel>
  <channel>
    <name>Sicario (2015) </name>
    <url>http://www.streamlive.to/view/73432</url>
    <image>http://snapshots.streamlive.to/snapshots/45b4fylbjlqgilf_snapshot.jpg</image>
    <category>Movies</category>
    <language>English</language>
    <views>239.0</views>
  </channel>
  <channel>
    <name>SuperHero movie channel </name>
    <url>http://www.streamlive.to/view/38366</url>
    <image>http://snapshots.streamlive.to/snapshots/8g7x80ozu6hz2ds_snapshot.jpg</image>
    <category>Movies</category>
    <language>English</language>
    <views>9531376.5</views>
  </channel>
  <channel>
    <name>HBO Comedy movie </name>
    <url>http://www.streamlive.to/view/38214</url>
    <image>http://snapshots.streamlive.to/snapshots/a1wn1j3ra1w0cv0_snapshot.jpg</image>
    <category>Movies</category>
    <language>English</language>
    <views>1789237.5</views>
  </channel>
  <channel>
    <name>Child 44 (2015) </name>
    <url>http://www.streamlive.to/view/72862</url>
    <image>http://snapshots.streamlive.to/snapshots/ia6hwl2536inxri_snapshot.jpg</image>
    <category>Movies</category>
    <language>English</language>
    <views>765.0</views>
  </channel>
  <channel>
    <name>Spy (2015) </name>
    <url>http://www.streamlive.to/view/72722</url>
    <image>http://snapshots.streamlive.to/snapshots/hzxcyk0zklw53ha_snapshot.jpg</image>
    <category>Movies</category>
    <language>English</language>
    <views>29203.5</views>
  </channel>
  <channel>
    <name>Interstellar (2014) </name>
    <url>http://www.streamlive.to/view/72659</url>
    <image>http://snapshots.streamlive.to/snapshots/bwilykq6e2ijdbx_snapshot.jpg</image>
    <category>Movies</category>
    <language>English</language>
    <views>590.0</views>
  </channel>
  <channel>
    <name>Kingsman The Secret Service (2014) </name>
    <url>http://www.streamlive.to/view/72660</url>
    <image>http://snapshots.streamlive.to/snapshots/oqnmdvee3o5c4ix_snapshot.jpg</image>
    <category>Movies</category>
    <language>English</language>
    <views>821.0</views>
  </channel>
  <channel>
    <name>Fox Movie Channel </name>
    <url>http://www.streamlive.to/view/38449</url>
    <image>http://snapshots.streamlive.to/snapshots/hc992q7x7cz86t9_snapshot.jpg</image>
    <category>Movies</category>
    <language>English</language>
    <views>1530668.5</views>
  </channel>
  <channel>
    <name>Star Wars Episode Vii The Force Awakens (2015) </name>
    <url>http://www.streamlive.to/view/73518</url>
    <image>http://snapshots.streamlive.to/snapshots/v6doxmt9lbmxsce_snapshot.jpg</image>
    <category>Movies</category>
    <language>English</language>
    <views>35.0</views>
  </channel>
  <channel>
    <name>Get Hard (2015) </name>
    <url>http://www.streamlive.to/view/72720</url>
    <image>http://snapshots.streamlive.to/snapshots/2kuhc090f1lz1qc_snapshot.jpg</image>
    <category>Movies</category>
    <language>English</language>
    <views>48190.0</views>
  </channel>
  <channel>
    <name>Hotel Transylvania 2 (2015) </name>
    <url>http://www.streamlive.to/view/73065</url>
    <image>http://snapshots.streamlive.to/snapshots/1l8bmbn61d9jw3k_snapshot.jpg</image>
    <category>Movies</category>
    <language>English</language>
    <views>864.5</views>
  </channel>
  <channel>
    <name>Hitman Agent 47 (2015) </name>
    <url>http://www.streamlive.to/view/72832</url>
    <image>http://snapshots.streamlive.to/snapshots/xoshn1rt6polw8h_snapshot.jpg</image>
    <category>Movies</category>
    <language>English</language>
    <views>1430.0</views>
  </channel>
  <channel>
    <name>Ant Man (2015) </name>
    <url>http://www.streamlive.to/view/72831</url>
    <image>http://snapshots.streamlive.to/snapshots/ass4h3a4di6uz9z_snapshot.jpg</image>
    <category>Movies</category>
    <language>English</language>
    <views>1894.0</views>
  </channel>
  <channel>
    <name>Heist (2015) </name>
    <url>http://www.streamlive.to/view/73066</url>
    <image>http://snapshots.streamlive.to/snapshots/q8kd4d2fgosdd68_snapshot.jpg</image>
    <category>Movies</category>
    <language>English</language>
    <views>899.0</views>
  </channel>
  <channel>
    <name>TCM [HD] </name>
    <url>http://www.streamlive.to/view/70633</url>
    <image>http://snapshots.streamlive.to/snapshots/logojbjhar79pc8_snapshot.jpg</image>
    <category>Movies</category>
    <language>English</language>
    <views>1777593.0</views>
  </channel>
  <channel>
    <name>Kungfu Panda 3 (2016) </name>
    <url>http://www.streamlive.to/view/73516</url>
    <image>http://snapshots.streamlive.to/snapshots/gaas02n6cs474eo_snapshot.jpg</image>
    <category>Movies</category>
    <language>English</language>
    <views>10.0</views>
  </channel>
  <channel>
    <name>Deadpool (2016) </name>
    <url>http://www.streamlive.to/view/73513</url>
    <image>http://snapshots.streamlive.to/snapshots/tl1hn9gi82nkqpn_snapshot.jpg</image>
    <category>Movies</category>
    <language>English</language>
    <views>46.5</views>
  </channel>
  <channel>
    <name>The Revenant (2015) </name>
    <url>http://www.streamlive.to/view/73434</url>
    <image>http://snapshots.streamlive.to/snapshots/k3vvgc90hhfemje_snapshot.jpg</image>
    <category>Movies</category>
    <language>English</language>
    <views>508.5</views>
  </channel>
</channels>
