<?xml version="1.0" encoding="UTF-8" standalone="yes"?>
<addon id="repository.jsergio" name="jsergio repo" version="1.0.2" provider-name="jsergio">
	<extension point="xbmc.addon.repository" name="jsergio repo">
        <dir>
	        <info compressed="false">https://offshoregit.com/tvaresolvers/tva-common-repository/raw/master/addons.xml</info>
	        <checksum>https://offshoregit.com/tvaresolvers/tva-common-repository/raw/master/addons.xml.md5</checksum>
	        <datadir zip="true">https://offshoregit.com/tvaresolvers/tva-common-repository/raw/master/zips/</datadir>
	    </dir>
        <info compressed="false">https://offshoregit.com/jsergio123/addons.xml</info>
        <checksum>https://offshoregit.com/jsergio123/addons.xml.md5</checksum>
        <datadir zip="true">https://offshoregit.com/jsergio123/zips/</datadir>
	</extension>
	<extension point="xbmc.addon.metadata">
		<summary>Repo for jsergio Add-ons</summary>
		<description>Repo for jsergio Add-ons</description>
		<platform>all</platform>
	</extension>
</addon>
