<?xml version="1.0" encoding="UTF-8"?>
    <addon id="repository.SportsDevilDutch" name="Dutch SportsDevil Repository[COLOR red] This is a special Dutch version of SportsDevil. If you don't want this, do NOT download this repo.[/COLOR]" version="1.0.0" provider-name="DOKITV.NL">
        <requires>
            <import addon="xbmc.addon" version="12.0.0"/>
        </requires>
        <extension point="xbmc.addon.repository" name="DOKITV.NL Repository">
            <info compressed="false">https://raw.githubusercontent.com/doki1/SportsDevil/master/addons.xml</info>
            <checksum>https://raw.githubusercontent.com/doki1/SportsDevil/master/addons.xml.md5</checksum>
            <datadir zip="true">https://raw.githubusercontent.com/doki1/SportsDevil/master/zips/</datadir>
            <hashes>false</hashes>
        </extension>
        <extension point="xbmc.addon.metadata">
            <summary>Dutch SportsDevil Repository</summary>
			<description>This is a special Dutch version of SportsDevil. If you don't want this, do NOT download this repo.</description>
            <platform>all</platform>
    </extension>
</addon>