<?xml version="1.0" encoding="UTF-8" standalone="yes"?>
<addon id="plugin.video.sportcenterhd"
       name="SportCenterHD"
       version="1.0.1"
       provider-name="SportCenterHD">
  <requires>
    <import addon="script.module.beautifulsoup" />
    <import addon="script.module.simple.downloader" />
    <import addon="script.module.beautifulsoup4" />
    <import addon="script.module.simple.downloader" />
    <import addon="script.module.requests" />
    <import addon="script.module.httplib2" />
    <import addon="script.module.simplejson" /> 
    <import addon="script.common.plugin.cache" />
    <import addon="script.module.metahandler" />
  </requires>
  <extension point="xbmc.python.pluginsource" library="default.py">
    <provides>video</provides>
  </extension>
  <extension point="xbmc.addon.metadata">
    <summary lang="en">SportCenterHD</summary>
    <description lang="en">Wij zijn NIET de eigenaar van de streams die in SportCenterHD zijn te vinden.
Alle inhoud is copyright van hun respectievelijke eigenaars.</description>
    <platform>all</platform>
  </extension>
</addon>
