<?xml version="1.0" encoding="UTF-8" standalone="yes"?>
<addon id="repository.build" name="DOKI TV BUILD Repository" version="1.1.0" provider-name="DOKITV.NL Crew">
    <extension point="xbmc.addon.repository" name="DOKI TV Repository">
        <info compressed="true">http://doki.netai.net/build/addons.xml</info>
        <checksum>http://doki.netai.net/build/addons.xml.md5</checksum>
        <datadir zip="true">http://doki.netai.net/build/</datadir>
    </extension>
    <extension point="xbmc.addon.metadata">
        <summary>DOKI</summary>
        <description>Dit is de repository van de DOKI TV BUILD</description>
        <platform>all</platform>
    </extension>
</addon>
