<?xml version="1.0" encoding="UTF-8" standalone="yes"?>
<addon id="plugin.audio.punchoutbattles" name="PunchOUT Battles" version="1.0.0" provider-name="DOKI">
	<requires>
		<import addon="plugin.video.youtube" version="4.0" optional="false"/>
		<import addon="repository.doki" version="1.0.1"/>
	</requires>
	<extension point="xbmc.python.pluginsource" library="default.py">
		<provides>audio</provides>
	</extension>
	<extension  point="xbmc.addon.metadata">
		<platform>all</platform>
		<summary lang="nl">Bekijk PunchOUT Battles Channel op uw XBMC / Kodi.</summary>
		<description lang="nl">Met deze plugin is het mogelijk om PunchOUT Battles Channel te bekijken.</description>
		<disclaimer>Video's zijn intellectueel eigendom van de kanaaleigenaar. Tenzij YouTube anders is overeen gekomen. ;-)</disclaimer>
		<language>nl</language>
	</extension>
</addon>
