<?xml version="1.0" encoding="UTF-8" standalone="yes"?>
<addon id="repository.dahenchmen" name="DaHenchmen Repo" version="1.0.01" provider-name="dahenchmen.xyz">
	<extension point="xbmc.addon.repository" name="DaHenchmen Repo">
		<info compressed="false">http://dahenchmen.xyz/Add-ons/addons.xml</info>
		<checksum>http://dahenchmen.xyz/Add-ons/addons.xml.md5</checksum>
		<datadir zip="true">http://dahenchmen.xyz/Add-ons</datadir>
	</extension>
	<extension point="xbmc.addon.metadata">
		<summary>The Henchmen Repo</summary>
		<description>Download and install addons from DaHenchmen Repo</description>
		<platform>all</platform>
	</extension>
</addon>

