<?xml version="1.0" encoding="UTF-8" standalone="yes"?>
<addon id="plugin.video.nosrio2016"
       name="NOS Rio 2016"
       version="1.0.2"
       provider-name="Patrick Dijkkamp">
    <requires>
        <import addon="xbmc.python" version="2.19.0"/>
        <import addon="script.module.simplejson" version="2.0.10" optional="true"/>
    </requires>
    <extension point="xbmc.python.pluginsource"
               library="default.py">
        <provides>video</provides>
    </extension>
    <extension point="xbmc.addon.metadata">
        <platform>all</platform>
        <license>GPL 2.0</license>
        <summary lang="en">Live NOS Streams van Rio 2016</summary>
        <description lang="en">Live NOS Streams van Rio 2016</description>
    </extension>
</addon>
