<?xml version="1.0" encoding="UTF-8" standalone="yes"?>
<addon id="plugin.video.clubtv"
	name="Doki Club TV"
	version="1.0.7"
	provider-name="DOKITV.NL Crew">
  <requires>
    <import addon="xbmc.python" version="2.1.0"/>
    <import addon="script.module.addon.common" version="2.0.0"/>
    <import addon="plugin.video.youtube" version="5.0.0"/>
  </requires>
  <extension point="xbmc.python.pluginsource" library="default.py">
    <provides>video</provides>
  </extension>
  <extension point="xbmc.addon.metadata">
    <summary lang="nl">Doki Club TV</summary>
    <description lang="nl">Alle Youtube kanalen van voetbal clubs</description>
    <platform>all</platform>
  </extension>
</addon>
