<?xml version="1.0" encoding="UTF-8" standalone="yes"?>
<addon id="plugin.video.NLVIEW"
       name="[COLOR lime][B]NL[/B][/COLOR]View"
       version="1.0.2"
       provider-name="Team DOKI">
  <requires>
    <import addon="xbmc.python" version="2.1.0"/>
	<import addon="repository.dokinl" version="1.0.2"/>	
	<import addon="script.module.t0mm0.common" version="2.1.1"/>
    <import addon="script.module.beautifulsoup" version="3.2.1"/>
    <import addon="script.module.simple.downloader" version="1.9.5"/>
    <import addon="script.module.beautifulsoup4" />
    <import addon="script.module.requests" />
    <import addon="script.module.httplib2" />
    <import addon="script.module.youtube.dl" />
    <import addon="plugin.video.youtube" />
    <import addon="script.module.urlresolver" />
    <import addon="script.module.simplejson" /> 
    <import addon="script.common.plugin.cache" />
    <import addon="script.module.metahandler" />
    <import addon="script.module.liveresolver" />


  </requires>
  <extension point="xbmc.python.pluginsource" library="default.py">
    <provides>video</provides>
  </extension>
  <extension point="xbmc.addon.metadata">
    <summary lang="en">Streams voor XBMC / KODI!</summary>
    <description lang="en">Special greetz to AwesomeStreams!</description>
    <platform>all</platform>
  </extension>
</addon>
