<?xml version="1.0" encoding="UTF-8" standalone="yes"?>
<addon id="plugin.video.musictv"
       name="MusicTV"
       version="1.0.0"
       provider-name="DOKI TV">
  <requires>
    <import addon="xbmc.python" version="2.1.0"/>
	<import addon="script.module.t0mm0.common" version="2.1.1"/>
    <import addon="script.module.beautifulsoup" version="3.2.1"/>
    <import addon="script.module.requests" />
    <import addon="script.module.youtube.dl" />
    <import addon="plugin.video.youtube" />
    <import addon="script.module.urlresolver" />
    <import addon="script.module.simplejson" /> 
    <import addon="script.common.plugin.cache" />
    <import addon="script.module.liveresolver" />


  </requires>
  <extension point="xbmc.python.pluginsource" library="default.py">
    <provides>video audio</provides>
  </extension>
  <extension point="xbmc.addon.metadata">
    <summary lang="en">MusicTV for XBMC/Kodi!</summary>
    <description lang="en"></description>
    <platform>all</platform>
  </extension>
</addon>
