<?xml version="1.0" encoding="UTF-8" standalone="yes"?>
<addon id="plugin.video.dutchsaiyaman"
       name="Dutch Saiyaman"
       version="1.0.3A"
       provider-name="Patrick Dijkkamp">
    <requires>
        <import addon="xbmc.python" version="2.1.0"/>
    </requires>
    <extension point="xbmc.python.pluginsource"
               library="default.py">
        <provides>video</provides>
    </extension>
    <extension point="xbmc.addon.metadata">
        <platform>all</platform>
        <license>GPL 2.0</license>
        <summary lang="en">Bekijk anime van dutchsaiyaman.nl</summary>
        <description lang="en">Bekijk anime van dutchsaiyaman.nl. Zoals Dragonball Super en Boku no Hero Academia</description>
    </extension>
</addon>
