<?xml version="1.0" encoding="UTF-8" standalone="yes"?>
<addon id="service.subtitles.opensubtitles"
       name="OpenSubtitles.org"
       version="5.0.14B"
       provider-name="amet">
  <requires>
    <import addon="xbmc.python" version="2.1.0"/>
  </requires>
  <extension point="xbmc.subtitle.module"
             library="service.py" />
  <extension point="xbmc.addon.metadata">
    <summary lang="en">OpenSubtitles</summary>
    <description lang="en">Search and download subtitles from opensubtitles.org</description>
    <description lang="zh">从 opensubtitles.org 搜索并下载字幕</description>
    <disclaimer lang="en"></disclaimer>
    <platform>all</platform>
    <license>GNU GENERAL PUBLIC LICENSE. Version 2, June 1991</license>
    <forum>http://forum.xbmc.org/showthread.php?tid=183114</forum>
    <website></website>
    <email></email>
    <source>https://github.com/amet/service.subtitles.opensubtitles</source>    
  </extension>
</addon>
