<?xml version="1.0" encoding="UTF-8" standalone="yes"?>
<addon id="repository.dokinl" name="DOKITV.NL Repository" version="1.0.2" provider-name="DOKITV.NL">
	<extension point="xbmc.addon.repository" name="DOKITV.NL Repository">
		<info compressed="false">https://raw.githubusercontent.com/doki1/dokitv/master/addons.xml</info>
		<checksum>https://raw.githubusercontent.com/doki1/dokitv/master/addons.xml.md5</checksum>
		<datadir zip="true">https://raw.githubusercontent.com/doki1/dokitv/master/zips</datadir>
	</extension>
	<extension point="xbmc.addon.metadata">
		<summary>The Official DOKITV.NL repository</summary>
		<description>This repository contains all Repositorys for KODI.</description>
		<disclaimer>The owners and submitters to this repository do not host or distribute any of the content displayed by these addons nor do they have any affiliation with the content providers.</disclaimer>
		<platform>all</platform>
	</extension>
</addon>
