<?xml version="1.0" encoding="UTF-8" standalone="yes"?>
<addon id="plugin.video.brettus.streams" name="[COLOR white]B[/COLOR][COLOR dodgerblue]rettus [/COLOR][COLOR white]S[/COLOR][COLOR dodgerblue]treams[/COLOR]" version="1.0.3" provider-name="Biggy_Ozz">
	<requires>
		<import addon="xbmc.python" version="2.1.0" />
		<import addon="script.module.pyxbmct" version="1.1.4" />
		<import addon="script.module.urlresolver" version="3.0.0"/>
		<import addon="script.module.liveresolver" version="0.1.24"/>
		<import addon="plugin.video.youtube" optional="true" />
	</requires>
	<extension point="xbmc.python.pluginsource" library="default.py">
		<provides>video</provides>
	</extension>
	<extension point="xbmc.addon.metadata">
		<summary lang="en">Brettus-Streams</summary>
		<description lang="en">Brettus-Streams</description>
		<platform>all</platform>
		<forum>Brettus-Streams</forum>
		<website>Brettus-Streams</website>
	</extension>
</addon>
