<?xml version="1.0" encoding="UTF-8" standalone="yes"?>
<addon id="repository.bulldogstreams" name="Bulldog Streams Repository" version="1.1" provider-name="Bulldog Streams Dev Team">
	<extension point="xbmc.addon.repository" name="Bulldog Streams Repository">
		<info compressed="false">http://www.bulldogstreams.football/addon/addons.xml</info>
		<checksum>http://www.bulldogstreams.football/addon/addons.xml.md5</checksum>
		<datadir zip="true">http://www.bulldogstreams.football/addon/zips/</datadir>
	</extension>
	<extension point="xbmc.addon.metadata">
		<summary>Install Bulldog Streams</summary>
		<description>Home of Bulldog Streams</description>
		<platform>all</platform>
	</extension>
</addon>
